{"cameraMode":{"drawMode":0,"name":"Shaded","section":"Shading Mode"},"sceneLighting":false,"audioPlay":false,"sceneViewState":{"m_AlwaysRefresh":false,"showFog":true,"showSkybox":false,"showFlares":true,"showImageEffects":true,"showParticleSystems":true,"showVisualEffectGraphs":true,"m_FxEnabled":true},"in2DMode":false,"pivot":{"x":0.0002422928810119629,"y":0.9063584804534912,"z":-0.017598092555999757},"rotation":{"x":-0.3236212730407715,"y":0.4582109749317169,"z":-0.18377377092838288,"w":-0.8072664737701416},"size":1.139740228652954,"orthographic":false}