{"cameraMode":{"drawMode":0,"name":"Shaded","section":"Shading Mode"},"sceneLighting":false,"audioPlay":false,"sceneViewState":{"m_AlwaysRefresh":false,"showFog":true,"showSkybox":false,"showFlares":true,"showImageEffects":true,"showParticleSystems":true,"showVisualEffectGraphs":true,"m_FxEnabled":true},"in2DMode":false,"pivot":{"x":1.1211068630218506,"y":1.2451823949813843,"z":-0.13189218938350678},"rotation":{"x":0.010162508115172387,"y":0.6107632517814636,"z":0.007946347817778588,"w":-0.7919293642044067},"size":0.19542914628982545,"orthographic":false}