{"cameraMode":{"drawMode":0,"name":"Shaded","section":"Shading Mode"},"sceneLighting":true,"audioPlay":false,"sceneViewState":{"m_AlwaysRefresh":false,"showFog":true,"showSkybox":true,"showFlares":true,"showImageEffects":true,"showParticleSystems":true,"showVisualEffectGraphs":true,"m_FxEnabled":true},"in2DMode":false,"pivot":{"x":-0.9080633521080017,"y":1.3292648792266846,"z":-0.4429910182952881},"rotation":{"x":-0.060071006417274478,"y":-0.5657250285148621,"z":0.04073041304945946,"w":-0.8220595717430115},"size":1.4749515056610108,"orthographic":false}