{"cameraMode":{"drawMode":0,"name":"Shaded","section":"Shading Mode"},"sceneLighting":true,"audioPlay":false,"sceneViewState":{"m_AlwaysRefresh":false,"showFog":true,"showSkybox":true,"showFlares":true,"showImageEffects":true,"showParticleSystems":true,"showVisualEffectGraphs":true,"m_FxEnabled":true},"in2DMode":false,"pivot":{"x":1.0582138299942017,"y":1.6158523559570313,"z":1.238702416419983},"rotation":{"x":-0.08609522134065628,"y":0.7962940335273743,"z":-0.11749441176652909,"w":-0.5880464315414429},"size":1.4749515056610108,"orthographic":false}